﻿<?xml version="1.0" encoding="utf-8"?>
<Employees>
  <Employee name="Lena" surname="Ivanova" salarysum="6003,2">
    <salary amount="1001.1" mount="march" />
    <salary amount="2001" mount="january" />
    <salary amount="3001,10" mount="february" />
  </Employee>
  <Employee name="Masha" surname="Ivanova" salarysum="6000">
    <salary amount="1000" mount="march" />
    <salary amount="2000.0" mount="january" />
    <salary amount="3000" mount="february" />
  </Employee>
</Employees>